<?xml version="1.0" encoding="UTF-8"?>
<spirit:component xmlns:xilinx="http://www.xilinx.com" xmlns:spirit="http://www.spiritconsortium.org/XMLSchema/SPIRIT/1685-2009" xmlns:xsi="http://www.w3.org/2001/XMLSchema-instance">
  <spirit:vendor>UoS</spirit:vendor>
  <spirit:library>RFSoC_OFDM</spirit:library>
  <spirit:name>ofdm_rx_hw</spirit:name>
  <spirit:version>0.2</spirit:version>
  <spirit:busInterfaces>
    <spirit:busInterface>
      <spirit:name>m_axis</spirit:name>
      <spirit:busType spirit:vendor="xilinx.com" spirit:library="interface" spirit:name="axis" spirit:version="1.0"/>
      <spirit:abstractionType spirit:vendor="xilinx.com" spirit:library="interface" spirit:name="axis_rtl" spirit:version="1.0"/>
      <spirit:master/>
      <spirit:portMaps>
        <spirit:portMap>
          <spirit:logicalPort>
            <spirit:name>TDATA</spirit:name>
          </spirit:logicalPort>
          <spirit:physicalPort>
            <spirit:name>m_axis_tdata</spirit:name>
          </spirit:physicalPort>
        </spirit:portMap>
        <spirit:portMap>
          <spirit:logicalPort>
            <spirit:name>TVALID</spirit:name>
          </spirit:logicalPort>
          <spirit:physicalPort>
            <spirit:name>m_axis_tvalid</spirit:name>
          </spirit:physicalPort>
        </spirit:portMap>
      </spirit:portMaps>
      <spirit:parameters>
        <spirit:parameter>
          <spirit:name>LAYERED_METADATA</spirit:name>
          <spirit:value spirit:resolve="generated" spirit:id="BUSIFPARAM_VALUE.M_AXIS.LAYERED_METADATA">xilinx.com:interface:datatypes:1.0 {TDATA {datatype {name {attribs {resolve_type immediate dependency {} format string minimum {} maximum {}} value {}} bitwidth {attribs {resolve_type immediate dependency {} format long minimum {} maximum {}} value 32} bitoffset {attribs {resolve_type immediate dependency {} format long minimum {} maximum {}} value 0} real {fixed {fractwidth {attribs {resolve_type immediate dependency {} format long minimum {} maximum {}} value 0} signed {attribs {resolve_type i
mmediate dependency {} format bool minimum {} maximum {}} value false}}}}}}</spirit:value>
        </spirit:parameter>
      </spirit:parameters>
    </spirit:busInterface>
    <spirit:busInterface>
      <spirit:name>s_axis_im</spirit:name>
      <spirit:busType spirit:vendor="xilinx.com" spirit:library="interface" spirit:name="axis" spirit:version="1.0"/>
      <spirit:abstractionType spirit:vendor="xilinx.com" spirit:library="interface" spirit:name="axis_rtl" spirit:version="1.0"/>
      <spirit:slave/>
      <spirit:portMaps>
        <spirit:portMap>
          <spirit:logicalPort>
            <spirit:name>TDATA</spirit:name>
          </spirit:logicalPort>
          <spirit:physicalPort>
            <spirit:name>s_axis_im_tdata</spirit:name>
          </spirit:physicalPort>
        </spirit:portMap>
        <spirit:portMap>
          <spirit:logicalPort>
            <spirit:name>TVALID</spirit:name>
          </spirit:logicalPort>
          <spirit:physicalPort>
            <spirit:name>s_axis_im_tvalid</spirit:name>
          </spirit:physicalPort>
        </spirit:portMap>
      </spirit:portMaps>
      <spirit:parameters>
        <spirit:parameter>
          <spirit:name>LAYERED_METADATA</spirit:name>
          <spirit:value spirit:resolve="generated" spirit:id="BUSIFPARAM_VALUE.S_AXIS_IM.LAYERED_METADATA">xilinx.com:interface:datatypes:1.0 {TDATA {datatype {name {attribs {resolve_type immediate dependency {} format string minimum {} maximum {}} value {}} bitwidth {attribs {resolve_type immediate dependency {} format long minimum {} maximum {}} value 32} bitoffset {attribs {resolve_type immediate dependency {} format long minimum {} maximum {}} value 0} real {fixed {fractwidth {attribs {resolve_type immediate dependency {} format long minimum {} maximum {}} value 0} signed {attribs {resolve_type i
mmediate dependency {} format bool minimum {} maximum {}} value false}}}}}}</spirit:value>
        </spirit:parameter>
      </spirit:parameters>
    </spirit:busInterface>
    <spirit:busInterface>
      <spirit:name>s_axis_re</spirit:name>
      <spirit:busType spirit:vendor="xilinx.com" spirit:library="interface" spirit:name="axis" spirit:version="1.0"/>
      <spirit:abstractionType spirit:vendor="xilinx.com" spirit:library="interface" spirit:name="axis_rtl" spirit:version="1.0"/>
      <spirit:slave/>
      <spirit:portMaps>
        <spirit:portMap>
          <spirit:logicalPort>
            <spirit:name>TDATA</spirit:name>
          </spirit:logicalPort>
          <spirit:physicalPort>
            <spirit:name>s_axis_re_tdata</spirit:name>
          </spirit:physicalPort>
        </spirit:portMap>
        <spirit:portMap>
          <spirit:logicalPort>
            <spirit:name>TVALID</spirit:name>
          </spirit:logicalPort>
          <spirit:physicalPort>
            <spirit:name>s_axis_re_tvalid</spirit:name>
          </spirit:physicalPort>
        </spirit:portMap>
      </spirit:portMaps>
      <spirit:parameters>
        <spirit:parameter>
          <spirit:name>LAYERED_METADATA</spirit:name>
          <spirit:value spirit:resolve="generated" spirit:id="BUSIFPARAM_VALUE.S_AXIS_RE.LAYERED_METADATA">xilinx.com:interface:datatypes:1.0 {TDATA {datatype {name {attribs {resolve_type immediate dependency {} format string minimum {} maximum {}} value {}} bitwidth {attribs {resolve_type immediate dependency {} format long minimum {} maximum {}} value 32} bitoffset {attribs {resolve_type immediate dependency {} format long minimum {} maximum {}} value 0} real {fixed {fractwidth {attribs {resolve_type immediate dependency {} format long minimum {} maximum {}} value 0} signed {attribs {resolve_type i
mmediate dependency {} format bool minimum {} maximum {}} value false}}}}}}</spirit:value>
        </spirit:parameter>
      </spirit:parameters>
    </spirit:busInterface>
    <spirit:busInterface>
      <spirit:name>clk</spirit:name>
      <spirit:busType spirit:vendor="xilinx.com" spirit:library="signal" spirit:name="clock" spirit:version="1.0"/>
      <spirit:abstractionType spirit:vendor="xilinx.com" spirit:library="signal" spirit:name="clock_rtl" spirit:version="1.0"/>
      <spirit:slave/>
      <spirit:portMaps>
        <spirit:portMap>
          <spirit:logicalPort>
            <spirit:name>CLK</spirit:name>
          </spirit:logicalPort>
          <spirit:physicalPort>
            <spirit:name>clk</spirit:name>
          </spirit:physicalPort>
        </spirit:portMap>
      </spirit:portMaps>
      <spirit:parameters>
        <spirit:parameter>
          <spirit:name>ASSOCIATED_BUSIF</spirit:name>
          <spirit:value spirit:id="BUSIFPARAM_VALUE.CLK.ASSOCIATED_BUSIF">m_axis:s_axis_im:s_axis_re</spirit:value>
        </spirit:parameter>
      </spirit:parameters>
    </spirit:busInterface>
  </spirit:busInterfaces>
  <spirit:model>
    <spirit:views>
      <spirit:view>
        <spirit:name>xilinx_vhdlsynthesis</spirit:name>
        <spirit:displayName>VHDL Synthesis</spirit:displayName>
        <spirit:envIdentifier>vhdlSource:vivado.xilinx.com:synthesis</spirit:envIdentifier>
        <spirit:language>vhdl</spirit:language>
        <spirit:modelName>ofdm_rx_hw</spirit:modelName>
        <spirit:fileSetRef>
          <spirit:localName>xilinx_vhdlsynthesis_view_fileset</spirit:localName>
        </spirit:fileSetRef>
      </spirit:view>
      <spirit:view>
        <spirit:name>xilinx_vhdlbehavioralsimulation</spirit:name>
        <spirit:displayName>VHDL Simulation</spirit:displayName>
        <spirit:envIdentifier>vhdlSource:vivado.xilinx.com:simulation</spirit:envIdentifier>
        <spirit:language>vhdl</spirit:language>
        <spirit:modelName>ofdm_rx_hw</spirit:modelName>
        <spirit:fileSetRef>
          <spirit:localName>xilinx_vhdlbehavioralsimulation_view_fileset</spirit:localName>
        </spirit:fileSetRef>
      </spirit:view>
      <spirit:view>
        <spirit:name>xilinx_xpgui</spirit:name>
        <spirit:displayName>UI Layout</spirit:displayName>
        <spirit:envIdentifier>:vivado.xilinx.com:xgui.ui</spirit:envIdentifier>
        <spirit:fileSetRef>
          <spirit:localName>xilinx_xpgui_view_fileset</spirit:localName>
        </spirit:fileSetRef>
      </spirit:view>
      <spirit:view>
        <spirit:name>xilinx_utilityxitfiles</spirit:name>
        <spirit:displayName>Utility XIT/TTCL</spirit:displayName>
        <spirit:envIdentifier>:vivado.xilinx.com:xit.util</spirit:envIdentifier>
        <spirit:fileSetRef>
          <spirit:localName>xilinx_utilityxitfiles_view_fileset</spirit:localName>
        </spirit:fileSetRef>
      </spirit:view>
    </spirit:views>
    <spirit:ports>
      <spirit:port>
        <spirit:name>s_axis_im_tdata</spirit:name>
        <spirit:wire>
          <spirit:direction>in</spirit:direction>
          <spirit:vector>
            <spirit:left spirit:format="long">31</spirit:left>
            <spirit:right spirit:format="long">0</spirit:right>
          </spirit:vector>
          <spirit:wireTypeDefs>
            <spirit:wireTypeDef>
              <spirit:typeName>std_logic_vector</spirit:typeName>
              <spirit:viewNameRef>xilinx_vhdlsynthesis</spirit:viewNameRef>
              <spirit:viewNameRef>xilinx_vhdlbehavioralsimulation</spirit:viewNameRef>
            </spirit:wireTypeDef>
          </spirit:wireTypeDefs>
          <spirit:driver>
            <spirit:defaultValue spirit:format="long">0</spirit:defaultValue>
          </spirit:driver>
        </spirit:wire>
      </spirit:port>
      <spirit:port>
        <spirit:name>s_axis_im_tvalid</spirit:name>
        <spirit:wire>
          <spirit:direction>in</spirit:direction>
          <spirit:vector>
            <spirit:left spirit:format="long">0</spirit:left>
            <spirit:right spirit:format="long">0</spirit:right>
          </spirit:vector>
          <spirit:wireTypeDefs>
            <spirit:wireTypeDef>
              <spirit:typeName>std_logic_vector</spirit:typeName>
              <spirit:viewNameRef>xilinx_vhdlsynthesis</spirit:viewNameRef>
              <spirit:viewNameRef>xilinx_vhdlbehavioralsimulation</spirit:viewNameRef>
            </spirit:wireTypeDef>
          </spirit:wireTypeDefs>
        </spirit:wire>
      </spirit:port>
      <spirit:port>
        <spirit:name>s_axis_re_tdata</spirit:name>
        <spirit:wire>
          <spirit:direction>in</spirit:direction>
          <spirit:vector>
            <spirit:left spirit:format="long">31</spirit:left>
            <spirit:right spirit:format="long">0</spirit:right>
          </spirit:vector>
          <spirit:wireTypeDefs>
            <spirit:wireTypeDef>
              <spirit:typeName>std_logic_vector</spirit:typeName>
              <spirit:viewNameRef>xilinx_vhdlsynthesis</spirit:viewNameRef>
              <spirit:viewNameRef>xilinx_vhdlbehavioralsimulation</spirit:viewNameRef>
            </spirit:wireTypeDef>
          </spirit:wireTypeDefs>
          <spirit:driver>
            <spirit:defaultValue spirit:format="long">0</spirit:defaultValue>
          </spirit:driver>
        </spirit:wire>
      </spirit:port>
      <spirit:port>
        <spirit:name>s_axis_re_tvalid</spirit:name>
        <spirit:wire>
          <spirit:direction>in</spirit:direction>
          <spirit:vector>
            <spirit:left spirit:format="long">0</spirit:left>
            <spirit:right spirit:format="long">0</spirit:right>
          </spirit:vector>
          <spirit:wireTypeDefs>
            <spirit:wireTypeDef>
              <spirit:typeName>std_logic_vector</spirit:typeName>
              <spirit:viewNameRef>xilinx_vhdlsynthesis</spirit:viewNameRef>
              <spirit:viewNameRef>xilinx_vhdlbehavioralsimulation</spirit:viewNameRef>
            </spirit:wireTypeDef>
          </spirit:wireTypeDefs>
        </spirit:wire>
      </spirit:port>
      <spirit:port>
        <spirit:name>clk</spirit:name>
        <spirit:wire>
          <spirit:direction>in</spirit:direction>
          <spirit:wireTypeDefs>
            <spirit:wireTypeDef>
              <spirit:typeName>std_logic</spirit:typeName>
              <spirit:viewNameRef>xilinx_vhdlsynthesis</spirit:viewNameRef>
              <spirit:viewNameRef>xilinx_vhdlbehavioralsimulation</spirit:viewNameRef>
            </spirit:wireTypeDef>
          </spirit:wireTypeDefs>
        </spirit:wire>
      </spirit:port>
      <spirit:port>
        <spirit:name>m_axis_tdata</spirit:name>
        <spirit:wire>
          <spirit:direction>out</spirit:direction>
          <spirit:vector>
            <spirit:left spirit:format="long">31</spirit:left>
            <spirit:right spirit:format="long">0</spirit:right>
          </spirit:vector>
          <spirit:wireTypeDefs>
            <spirit:wireTypeDef>
              <spirit:typeName>std_logic_vector</spirit:typeName>
              <spirit:viewNameRef>xilinx_vhdlsynthesis</spirit:viewNameRef>
              <spirit:viewNameRef>xilinx_vhdlbehavioralsimulation</spirit:viewNameRef>
            </spirit:wireTypeDef>
          </spirit:wireTypeDefs>
        </spirit:wire>
      </spirit:port>
      <spirit:port>
        <spirit:name>m_axis_tvalid</spirit:name>
        <spirit:wire>
          <spirit:direction>out</spirit:direction>
          <spirit:vector>
            <spirit:left spirit:format="long">0</spirit:left>
            <spirit:right spirit:format="long">0</spirit:right>
          </spirit:vector>
          <spirit:wireTypeDefs>
            <spirit:wireTypeDef>
              <spirit:typeName>std_logic_vector</spirit:typeName>
              <spirit:viewNameRef>xilinx_vhdlsynthesis</spirit:viewNameRef>
              <spirit:viewNameRef>xilinx_vhdlbehavioralsimulation</spirit:viewNameRef>
            </spirit:wireTypeDef>
          </spirit:wireTypeDefs>
        </spirit:wire>
      </spirit:port>
    </spirit:ports>
  </spirit:model>
  <spirit:fileSets>
    <spirit:fileSet>
      <spirit:name>xilinx_vhdlsynthesis_view_fileset</spirit:name>
      <spirit:file>
        <spirit:name>ofdm_rx_hw_cic_compiler_v4_0_i0/ofdm_rx_hw_cic_compiler_v4_0_i0.xci</spirit:name>
        <spirit:userFileType>xci</spirit:userFileType>
      </spirit:file>
      <spirit:file>
        <spirit:name>ofdm_rx_hw_fir_compiler_v7_2_i0/ofdm_rx_hw_fir_compiler_v7_2_i0.xci</spirit:name>
        <spirit:userFileType>xci</spirit:userFileType>
      </spirit:file>
      <spirit:file>
        <spirit:name>ofdm_rx_hw_fir_compiler_v7_2_i1/ofdm_rx_hw_fir_compiler_v7_2_i1.xci</spirit:name>
        <spirit:userFileType>xci</spirit:userFileType>
      </spirit:file>
      <spirit:file>
        <spirit:name>ofdm_rx_hw_fir_compiler_v7_2_i2/ofdm_rx_hw_fir_compiler_v7_2_i2.xci</spirit:name>
        <spirit:userFileType>xci</spirit:userFileType>
      </spirit:file>
      <spirit:file>
        <spirit:name>ofdm_rx_hw_mult_gen_v12_0_i0/ofdm_rx_hw_mult_gen_v12_0_i0.xci</spirit:name>
        <spirit:userFileType>xci</spirit:userFileType>
      </spirit:file>
      <spirit:file>
        <spirit:name>constrs/ofdm_rx_hw.xdc</spirit:name>
        <spirit:userFileType>xdc</spirit:userFileType>
      </spirit:file>
      <spirit:file>
        <spirit:name>hdl/conv_pkg.vhd</spirit:name>
        <spirit:fileType>vhdlSource</spirit:fileType>
        <spirit:logicalName>xil_defaultlib</spirit:logicalName>
      </spirit:file>
      <spirit:file>
        <spirit:name>hdl/synth_reg.vhd</spirit:name>
        <spirit:fileType>vhdlSource</spirit:fileType>
        <spirit:logicalName>xil_defaultlib</spirit:logicalName>
      </spirit:file>
      <spirit:file>
        <spirit:name>hdl/synth_reg_w_init.vhd</spirit:name>
        <spirit:fileType>vhdlSource</spirit:fileType>
        <spirit:logicalName>xil_defaultlib</spirit:logicalName>
      </spirit:file>
      <spirit:file>
        <spirit:name>hdl/srl17e.vhd</spirit:name>
        <spirit:fileType>vhdlSource</spirit:fileType>
        <spirit:logicalName>xil_defaultlib</spirit:logicalName>
      </spirit:file>
      <spirit:file>
        <spirit:name>hdl/srl33e.vhd</spirit:name>
        <spirit:fileType>vhdlSource</spirit:fileType>
        <spirit:logicalName>xil_defaultlib</spirit:logicalName>
      </spirit:file>
      <spirit:file>
        <spirit:name>hdl/synth_reg_reg.vhd</spirit:name>
        <spirit:fileType>vhdlSource</spirit:fileType>
        <spirit:logicalName>xil_defaultlib</spirit:logicalName>
      </spirit:file>
      <spirit:file>
        <spirit:name>hdl/single_reg_w_init.vhd</spirit:name>
        <spirit:fileType>vhdlSource</spirit:fileType>
        <spirit:logicalName>xil_defaultlib</spirit:logicalName>
      </spirit:file>
      <spirit:file>
        <spirit:name>hdl/xlclockdriver_rd.vhd</spirit:name>
        <spirit:fileType>vhdlSource</spirit:fileType>
        <spirit:logicalName>xil_defaultlib</spirit:logicalName>
      </spirit:file>
      <spirit:file>
        <spirit:name>hdl/ofdm_rx_hw_entity_declarations.vhd</spirit:name>
        <spirit:fileType>vhdlSource</spirit:fileType>
        <spirit:logicalName>xil_defaultlib</spirit:logicalName>
      </spirit:file>
      <spirit:file>
        <spirit:name>hdl/ofdm_rx_hw.vhd</spirit:name>
        <spirit:fileType>vhdlSource</spirit:fileType>
        <spirit:userFileType>CHECKSUM_14e4d7ec</spirit:userFileType>
        <spirit:logicalName>xil_defaultlib</spirit:logicalName>
      </spirit:file>
    </spirit:fileSet>
    <spirit:fileSet>
      <spirit:name>xilinx_vhdlbehavioralsimulation_view_fileset</spirit:name>
      <spirit:file>
        <spirit:name>ofdm_rx_hw_cic_compiler_v4_0_i0/ofdm_rx_hw_cic_compiler_v4_0_i0.xci</spirit:name>
        <spirit:userFileType>xci</spirit:userFileType>
      </spirit:file>
      <spirit:file>
        <spirit:name>ofdm_rx_hw_fir_compiler_v7_2_i0/ofdm_rx_hw_fir_compiler_v7_2_i0.xci</spirit:name>
        <spirit:userFileType>xci</spirit:userFileType>
      </spirit:file>
      <spirit:file>
        <spirit:name>ofdm_rx_hw_fir_compiler_v7_2_i1/ofdm_rx_hw_fir_compiler_v7_2_i1.xci</spirit:name>
        <spirit:userFileType>xci</spirit:userFileType>
      </spirit:file>
      <spirit:file>
        <spirit:name>ofdm_rx_hw_fir_compiler_v7_2_i2/ofdm_rx_hw_fir_compiler_v7_2_i2.xci</spirit:name>
        <spirit:userFileType>xci</spirit:userFileType>
      </spirit:file>
      <spirit:file>
        <spirit:name>ofdm_rx_hw_mult_gen_v12_0_i0/ofdm_rx_hw_mult_gen_v12_0_i0.xci</spirit:name>
        <spirit:userFileType>xci</spirit:userFileType>
      </spirit:file>
      <spirit:file>
        <spirit:name>hdl/conv_pkg.vhd</spirit:name>
        <spirit:fileType>vhdlSource</spirit:fileType>
        <spirit:userFileType>USED_IN_ipstatic</spirit:userFileType>
        <spirit:logicalName>xil_defaultlib</spirit:logicalName>
      </spirit:file>
      <spirit:file>
        <spirit:name>hdl/synth_reg.vhd</spirit:name>
        <spirit:fileType>vhdlSource</spirit:fileType>
        <spirit:userFileType>USED_IN_ipstatic</spirit:userFileType>
        <spirit:logicalName>xil_defaultlib</spirit:logicalName>
      </spirit:file>
      <spirit:file>
        <spirit:name>hdl/synth_reg_w_init.vhd</spirit:name>
        <spirit:fileType>vhdlSource</spirit:fileType>
        <spirit:userFileType>USED_IN_ipstatic</spirit:userFileType>
        <spirit:logicalName>xil_defaultlib</spirit:logicalName>
      </spirit:file>
      <spirit:file>
        <spirit:name>hdl/srl17e.vhd</spirit:name>
        <spirit:fileType>vhdlSource</spirit:fileType>
        <spirit:userFileType>USED_IN_ipstatic</spirit:userFileType>
        <spirit:logicalName>xil_defaultlib</spirit:logicalName>
      </spirit:file>
      <spirit:file>
        <spirit:name>hdl/srl33e.vhd</spirit:name>
        <spirit:fileType>vhdlSource</spirit:fileType>
        <spirit:userFileType>USED_IN_ipstatic</spirit:userFileType>
        <spirit:logicalName>xil_defaultlib</spirit:logicalName>
      </spirit:file>
      <spirit:file>
        <spirit:name>hdl/synth_reg_reg.vhd</spirit:name>
        <spirit:fileType>vhdlSource</spirit:fileType>
        <spirit:userFileType>USED_IN_ipstatic</spirit:userFileType>
        <spirit:logicalName>xil_defaultlib</spirit:logicalName>
      </spirit:file>
      <spirit:file>
        <spirit:name>hdl/single_reg_w_init.vhd</spirit:name>
        <spirit:fileType>vhdlSource</spirit:fileType>
        <spirit:userFileType>USED_IN_ipstatic</spirit:userFileType>
        <spirit:logicalName>xil_defaultlib</spirit:logicalName>
      </spirit:file>
      <spirit:file>
        <spirit:name>hdl/xlclockdriver_rd.vhd</spirit:name>
        <spirit:fileType>vhdlSource</spirit:fileType>
        <spirit:userFileType>USED_IN_ipstatic</spirit:userFileType>
        <spirit:logicalName>xil_defaultlib</spirit:logicalName>
      </spirit:file>
      <spirit:file>
        <spirit:name>hdl/ofdm_rx_hw_entity_declarations.vhd</spirit:name>
        <spirit:fileType>vhdlSource</spirit:fileType>
        <spirit:userFileType>USED_IN_ipstatic</spirit:userFileType>
        <spirit:logicalName>xil_defaultlib</spirit:logicalName>
      </spirit:file>
      <spirit:file>
        <spirit:name>hdl/ofdm_rx_hw.vhd</spirit:name>
        <spirit:fileType>vhdlSource</spirit:fileType>
        <spirit:userFileType>USED_IN_ipstatic</spirit:userFileType>
        <spirit:logicalName>xil_defaultlib</spirit:logicalName>
      </spirit:file>
    </spirit:fileSet>
    <spirit:fileSet>
      <spirit:name>xilinx_xpgui_view_fileset</spirit:name>
      <spirit:file>
        <spirit:name>xgui/ofdm_rx_hw_v0_2.tcl</spirit:name>
        <spirit:fileType>tclSource</spirit:fileType>
        <spirit:userFileType>CHECKSUM_f64a5dae</spirit:userFileType>
        <spirit:userFileType>XGUI_VERSION_2</spirit:userFileType>
      </spirit:file>
    </spirit:fileSet>
    <spirit:fileSet>
      <spirit:name>xilinx_utilityxitfiles_view_fileset</spirit:name>
      <spirit:file>
        <spirit:name>sysgen_icon_100.png</spirit:name>
        <spirit:userFileType>image</spirit:userFileType>
        <spirit:userFileType>LOGO</spirit:userFileType>
      </spirit:file>
    </spirit:fileSet>
  </spirit:fileSets>
  <spirit:description> This IP was generated from System Generator. All changes must be made in SysGen model.  </spirit:description>
  <spirit:parameters>
    <spirit:parameter>
      <spirit:name>Component_Name</spirit:name>
      <spirit:value spirit:resolve="user" spirit:id="PARAM_VALUE.Component_Name" spirit:order="1">ofdm_rx_hw_v0_2</spirit:value>
    </spirit:parameter>
  </spirit:parameters>
  <spirit:vendorExtensions>
    <xilinx:coreExtensions>
      <xilinx:supportedFamilies>
        <xilinx:family xilinx:lifeCycle="Production">zynquplus</xilinx:family>
      </xilinx:supportedFamilies>
      <xilinx:taxonomies>
        <xilinx:taxonomy>/System_Generator_for_DSP</xilinx:taxonomy>
      </xilinx:taxonomies>
      <xilinx:displayName>ofdm_rx_hw</xilinx:displayName>
      <xilinx:definitionSource>sysgen</xilinx:definitionSource>
      <xilinx:xpmLibraries>
        <xilinx:xpmLibrary>XPM_MEMORY</xilinx:xpmLibrary>
        <xilinx:xpmLibrary>XPM_FIFO</xilinx:xpmLibrary>
        <xilinx:xpmLibrary>XPM_CDC</xilinx:xpmLibrary>
      </xilinx:xpmLibraries>
      <xilinx:coreRevision>241365873</xilinx:coreRevision>
      <xilinx:coreCreationDateTime>2021-01-12T14:04:50Z</xilinx:coreCreationDateTime>
    </xilinx:coreExtensions>
    <xilinx:packagingInfo>
      <xilinx:xilinxVersion>2020.1</xilinx:xilinxVersion>
    </xilinx:packagingInfo>
  </spirit:vendorExtensions>
</spirit:component>
